Waktu,Tanggal,Jam,Latar Tempat,Objek Terdeteksi,Ekspresi,Kelamin,Keterangan,Foto
2025-11-06 18:39:18,2025-11-06,18:39:18,Webcam,Wajah Manusia,Netral,Tidak Diketahui,Person 1,person_1_20251106_183918.jpg
2025-11-06 18:39:18,2025-11-06,18:39:18,Webcam,Wajah Manusia,Netral,Tidak Diketahui,Person 2,person_2_20251106_183918.jpg
2025-11-06 18:39:26,2025-11-06,18:39:26,Webcam,Wajah Manusia,Netral,Tidak Diketahui,Person 3,person_3_20251106_183926.jpg
2025-11-07 08:52:57,2025-11-07,08:52:57,Webcam,Wajah Manusia,Netral,Tidak Diketahui,Person 1,faces\person_1\person_1_20251107_085257.jpg
2025-11-07 08:53:03,2025-11-07,08:53:03,Webcam,Wajah Manusia,Netral,Tidak Diketahui,Person 1,faces\person_1\person_1_20251107_085303.jpg
2025-11-07 08:53:11,2025-11-07,08:53:11,Webcam,Wajah Manusia,Netral,Tidak Diketahui,Person 1,faces\person_1\person_1_20251107_085311.jpg
2025-11-07 08:53:21,2025-11-07,08:53:21,Webcam,Wajah Manusia,Netral,Tidak Diketahui,Person 1,faces\person_1\person_1_20251107_085321.jpg
2025-11-07 08:53:27,2025-11-07,08:53:27,Webcam,Wajah Manusia,Netral,Tidak Diketahui,Person 2,faces\person_2\person_2_20251107_085327.jpg
2025-11-07 08:53:33,2025-11-07,08:53:33,Webcam,Wajah Manusia,Netral,Tidak Diketahui,Person 1,faces\person_1\person_1_20251107_085333.jpg
2025-11-07 08:53:39,2025-11-07,08:53:39,Webcam,Wajah Manusia,Netral,Tidak Diketahui,Person 3,faces\person_3\person_3_20251107_085339.jpg
2025-11-07 08:53:44,2025-11-07,08:53:44,Webcam,Wajah Manusia,Netral,Tidak Diketahui,Person 2,faces\person_2\person_2_20251107_085344.jpg
2025-11-07 08:53:53,2025-11-07,08:53:53,Webcam,Wajah Manusia,Netral,Tidak Diketahui,Person 1,faces\person_1\person_1_20251107_085353.jpg
2025-11-07 08:53:59,2025-11-07,08:53:59,Webcam,Wajah Manusia,Netral,Tidak Diketahui,Person 2,faces\person_2\person_2_20251107_085359.jpg
2025-11-07 08:54:05,2025-11-07,08:54:05,Webcam,Wajah Manusia,Netral,Tidak Diketahui,Person 2,faces\person_2\person_2_20251107_085405.jpg
2025-11-07 08:54:12,2025-11-07,08:54:12,Webcam,Wajah Manusia,Netral,Tidak Diketahui,Person 2,faces\person_2\person_2_20251107_085412.jpg
2025-11-07 08:54:22,2025-11-07,08:54:22,Webcam,Wajah Manusia,Netral,Tidak Diketahui,Person 2,faces\person_2\person_2_20251107_085422.jpg
2025-11-07 08:54:27,2025-11-07,08:54:27,Webcam,Wajah Manusia,Netral,Tidak Diketahui,Person 2,faces\person_2\person_2_20251107_085427.jpg
2025-11-07 08:54:32,2025-11-07,08:54:32,Webcam,Wajah Manusia,Netral,Tidak Diketahui,Person 2,faces\person_2\person_2_20251107_085432.jpg
2025-11-07 08:54:41,2025-11-07,08:54:41,Webcam,Wajah Manusia,Netral,Tidak Diketahui,Person 2,faces\person_2\person_2_20251107_085441.jpg
2025-11-07 08:54:51,2025-11-07,08:54:51,Webcam,Wajah Manusia,Netral,Tidak Diketahui,Person 2,faces\person_2\person_2_20251107_085451.jpg
2025-11-07 08:54:56,2025-11-07,08:54:56,Webcam,Wajah Manusia,Netral,Tidak Diketahui,Person 2,faces\person_2\person_2_20251107_085456.jpg
2025-11-07 08:55:02,2025-11-07,08:55:02,Webcam,Wajah Manusia,Netral,Tidak Diketahui,Person 1,faces\person_1\person_1_20251107_085502.jpg
2025-11-07 08:55:10,2025-11-07,08:55:10,Webcam,Wajah Manusia,Netral,Tidak Diketahui,Person 2,faces\person_2\person_2_20251107_085510.jpg
2025-11-07 08:55:16,2025-11-07,08:55:16,Webcam,Wajah Manusia,Netral,Tidak Diketahui,Person 2,faces\person_2\person_2_20251107_085516.jpg
2025-11-07 08:55:21,2025-11-07,08:55:21,Webcam,Wajah Manusia,Netral,Tidak Diketahui,Person 1,faces\person_1\person_1_20251107_085521.jpg
2025-11-07 08:55:27,2025-11-07,08:55:27,Webcam,Wajah Manusia,Netral,Tidak Diketahui,Person 2,faces\person_2\person_2_20251107_085527.jpg
2025-11-07 08:55:32,2025-11-07,08:55:32,Webcam,Wajah Manusia,Netral,Tidak Diketahui,Person 2,faces\person_2\person_2_20251107_085532.jpg
2025-11-07 08:55:37,2025-11-07,08:55:37,Webcam,Wajah Manusia,Netral,Tidak Diketahui,Person 3,faces\person_3\person_3_20251107_085537.jpg
2025-11-07 08:55:42,2025-11-07,08:55:42,Webcam,Wajah Manusia,Netral,Tidak Diketahui,Person 3,faces\person_3\person_3_20251107_085542.jpg
2025-11-07 08:55:48,2025-11-07,08:55:48,Webcam,Wajah Manusia,Netral,Tidak Diketahui,Person 3,faces\person_3\person_3_20251107_085548.jpg
2025-11-07 08:55:53,2025-11-07,08:55:53,Webcam,Wajah Manusia,Netral,Tidak Diketahui,Person 2,faces\person_2\person_2_20251107_085553.jpg
2025-11-07 08:56:54,2025-11-07,08:56:54,Webcam,Wajah Manusia,Netral,Tidak Diketahui,Person 1,faces\person_1\person_1_20251107_085654.jpg
2025-11-07 08:57:00,2025-11-07,08:57:00,Webcam,Wajah Manusia,Netral,Tidak Diketahui,Person 1,faces\person_1\person_1_20251107_085700.jpg
2025-11-07 08:57:06,2025-11-07,08:57:06,Webcam,Wajah Manusia,Netral,Tidak Diketahui,Person 1,faces\person_1\person_1_20251107_085706.jpg
2025-11-07 08:57:12,2025-11-07,08:57:12,Webcam,Wajah Manusia,Netral,Tidak Diketahui,Person 1,faces\person_1\person_1_20251107_085712.jpg
2025-11-07 08:57:14,2025-11-07,08:57:14,Webcam,Wajah Manusia,Netral,Tidak Diketahui,Person 2,faces\person_2\person_2_20251107_085714.jpg
2025-11-07 08:57:18,2025-11-07,08:57:18,Webcam,Wajah Manusia,Netral,Tidak Diketahui,Person 1,faces\person_1\person_1_20251107_085718.jpg
2025-11-07 08:57:21,2025-11-07,08:57:21,Webcam,Wajah Manusia,Netral,Tidak Diketahui,Person 4,faces\person_4\person_4_20251107_085721.jpg
2025-11-07 08:57:21,2025-11-07,08:57:21,Webcam,Wajah Manusia,Netral,Tidak Diketahui,Person 2,faces\person_2\person_2_20251107_085721.jpg
2025-11-07 08:57:25,2025-11-07,08:57:25,Webcam,Wajah Manusia,Netral,Tidak Diketahui,Person 5,faces\person_5\person_5_20251107_085725.jpg
2025-11-07 08:57:30,2025-11-07,08:57:30,Webcam,Wajah Manusia,Netral,Tidak Diketahui,Person 3,faces\person_3\person_3_20251107_085730.jpg
2025-11-07 08:58:35,2025-11-07,08:58:35,Webcam,Wajah Manusia,Netral,Tidak Diketahui,Person 1,faces\person_1\person_1_20251107_085835.jpg
2025-11-07 08:58:40,2025-11-07,08:58:40,Webcam,Wajah Manusia,Netral,Tidak Diketahui,Person 2,faces\person_2\person_2_20251107_085840.jpg
2025-11-07 08:58:46,2025-11-07,08:58:46,Webcam,Wajah Manusia,Netral,Tidak Diketahui,Person 2,faces\person_2\person_2_20251107_085846.jpg
2025-11-07 08:58:51,2025-11-07,08:58:51,Webcam,Wajah Manusia,Netral,Tidak Diketahui,Person 1,faces\person_1\person_1_20251107_085851.jpg
2025-11-07 08:58:53,2025-11-07,08:58:53,Webcam,Wajah Manusia,Netral,Tidak Diketahui,Person 6,faces\person_6\person_6_20251107_085853.jpg
2025-11-07 08:58:59,2025-11-07,08:58:59,Webcam,Wajah Manusia,Netral,Tidak Diketahui,Person 1,faces\person_1\person_1_20251107_085859.jpg
2025-11-07 08:59:01,2025-11-07,08:59:01,Webcam,Wajah Manusia,Netral,Tidak Diketahui,Person 7,faces\person_7\person_7_20251107_085901.jpg
2025-11-07 08:59:18,2025-11-07,08:59:18,Webcam,Wajah Manusia,Netral,Tidak Diketahui,Person 1,faces\person_1\person_1_20251107_085918.jpg
2025-11-07 08:59:23,2025-11-07,08:59:23,Webcam,Wajah Manusia,Netral,Tidak Diketahui,Person 2,faces\person_2\person_2_20251107_085923.jpg
2025-11-07 08:59:25,2025-11-07,08:59:25,Webcam,Wajah Manusia,Netral,Tidak Diketahui,Person 1,faces\person_1\person_1_20251107_085925.jpg
2025-11-07 08:59:31,2025-11-07,08:59:31,Webcam,Wajah Manusia,Netral,Tidak Diketahui,Person 1,faces\person_1\person_1_20251107_085931.jpg
2025-11-07 08:59:38,2025-11-07,08:59:38,Webcam,Wajah Manusia,Netral,Tidak Diketahui,Person 1,faces\person_1\person_1_20251107_085938.jpg
2025-11-07 08:59:42,2025-11-07,08:59:42,Webcam,Wajah Manusia,Netral,Tidak Diketahui,Person 2,faces\person_2\person_2_20251107_085942.jpg
2025-11-07 08:59:44,2025-11-07,08:59:44,Webcam,Wajah Manusia,Netral,Tidak Diketahui,Person 1,faces\person_1\person_1_20251107_085944.jpg
2025-11-07 08:59:48,2025-11-07,08:59:48,Webcam,Wajah Manusia,Netral,Tidak Diketahui,Person 2,faces\person_2\person_2_20251107_085948.jpg
2025-11-07 08:59:54,2025-11-07,08:59:54,Webcam,Wajah Manusia,Netral,Tidak Diketahui,Person 2,faces\person_2\person_2_20251107_085954.jpg
2025-11-07 08:59:59,2025-11-07,08:59:59,Webcam,Wajah Manusia,Netral,Tidak Diketahui,Person 2,faces\person_2\person_2_20251107_085959.jpg
2025-11-07 09:00:06,2025-11-07,09:00:06,Webcam,Wajah Manusia,Netral,Tidak Diketahui,Person 2,faces\person_2\person_2_20251107_090006.jpg
2025-11-07 09:00:14,2025-11-07,09:00:14,Webcam,Wajah Manusia,Netral,Tidak Diketahui,Person 2,faces\person_2\person_2_20251107_090014.jpg
2025-11-07 09:00:25,2025-11-07,09:00:25,Webcam,Wajah Manusia,Netral,Tidak Diketahui,Person 3,faces\person_3\person_3_20251107_090025.jpg
2025-11-07 09:00:27,2025-11-07,09:00:27,Webcam,Wajah Manusia,Netral,Tidak Diketahui,Person 2,faces\person_2\person_2_20251107_090027.jpg
2025-11-07 09:00:31,2025-11-07,09:00:31,Webcam,Wajah Manusia,Netral,Tidak Diketahui,Person 1,faces\person_1\person_1_20251107_090031.jpg
2025-11-07 09:00:37,2025-11-07,09:00:37,Webcam,Wajah Manusia,Netral,Tidak Diketahui,Person 8,faces\person_8\person_8_20251107_090037.jpg
2025-11-07 09:00:37,2025-11-07,09:00:37,Webcam,Wajah Manusia,Netral,Tidak Diketahui,Person 4,faces\person_4\person_4_20251107_090037.jpg
2025-11-07 09:00:37,2025-11-07,09:00:37,Webcam,Wajah Manusia,Netral,Tidak Diketahui,Person 2,faces\person_2\person_2_20251107_090037.jpg
2025-11-07 09:00:43,2025-11-07,09:00:43,Webcam,Wajah Manusia,Netral,Tidak Diketahui,Person 2,faces\person_2\person_2_20251107_090043.jpg
2025-11-07 09:00:49,2025-11-07,09:00:49,Webcam,Wajah Manusia,Netral,Tidak Diketahui,Person 2,faces\person_2\person_2_20251107_090049.jpg
2025-11-07 09:00:51,2025-11-07,09:00:51,Webcam,Wajah Manusia,Netral,Tidak Diketahui,Person 4,faces\person_4\person_4_20251107_090051.jpg
2025-11-07 09:00:53,2025-11-07,09:00:53,Webcam,Wajah Manusia,Netral,Tidak Diketahui,Person 3,faces\person_3\person_3_20251107_090053.jpg
2025-11-07 09:00:56,2025-11-07,09:00:56,Webcam,Wajah Manusia,Netral,Tidak Diketahui,Person 9,faces\person_9\person_9_20251107_090056.jpg
2025-11-07 09:00:58,2025-11-07,09:00:58,Webcam,Wajah Manusia,Netral,Tidak Diketahui,Person 1,faces\person_1\person_1_20251107_090058.jpg
2025-11-07 09:01:03,2025-11-07,09:01:03,Webcam,Wajah Manusia,Netral,Tidak Diketahui,Person 2,faces\person_2\person_2_20251107_090103.jpg
2025-11-07 09:01:04,2025-11-07,09:01:04,Webcam,Wajah Manusia,Netral,Tidak Diketahui,Person 1,faces\person_1\person_1_20251107_090104.jpg
2025-11-07 09:01:06,2025-11-07,09:01:06,Webcam,Wajah Manusia,Netral,Tidak Diketahui,Person 10,faces\person_10\person_10_20251107_090106.jpg
2025-11-07 09:01:07,2025-11-07,09:01:07,Webcam,Wajah Manusia,Netral,Tidak Diketahui,Person 3,faces\person_3\person_3_20251107_090107.jpg
2025-11-07 09:01:09,2025-11-07,09:01:09,Webcam,Wajah Manusia,Netral,Tidak Diketahui,Person 2,faces\person_2\person_2_20251107_090109.jpg
2025-11-07 09:01:14,2025-11-07,09:01:14,Webcam,Wajah Manusia,Netral,Tidak Diketahui,Person 2,faces\person_2\person_2_20251107_090114.jpg
2025-11-07 09:01:20,2025-11-07,09:01:20,Webcam,Wajah Manusia,Netral,Tidak Diketahui,Person 1,faces\person_1\person_1_20251107_090120.jpg
2025-11-07 09:01:39,2025-11-07,09:01:39,Webcam,Wajah Manusia,Netral,Tidak Diketahui,Person 11,faces\person_11\person_11_20251107_090139.jpg
2025-11-07 09:01:59,2025-11-07,09:01:59,Webcam,Wajah Manusia,Netral,Tidak Diketahui,Person 2,faces\person_2\person_2_20251107_090159.jpg
2025-11-07 09:02:01,2025-11-07,09:02:01,Webcam,Wajah Manusia,Netral,Tidak Diketahui,Person 1,faces\person_1\person_1_20251107_090201.jpg
2025-11-07 09:02:01,2025-11-07,09:02:01,Webcam,Wajah Manusia,Netral,Tidak Diketahui,Person 12,faces\person_12\person_12_20251107_090201.jpg
2025-11-07 09:15:32,2025-11-07,09:15:32,Webcam,Wajah Manusia,Netral,Tidak Diketahui,Person 13,faces\person_13\person_13_20251107_091532.jpg
2025-11-07 09:15:34,2025-11-07,09:15:34,Webcam,Wajah Manusia,Netral,Tidak Diketahui,Person 1,faces\person_1\person_1_20251107_091534.jpg
2025-11-07 09:15:43,2025-11-07,09:15:43,Webcam,Wajah Manusia,Netral,Tidak Diketahui,Person 14,faces\person_14\person_14_20251107_091543.jpg
2025-11-07 09:15:45,2025-11-07,09:15:45,Webcam,Wajah Manusia,Netral,Tidak Diketahui,Person 1,faces\person_1\person_1_20251107_091545.jpg
2025-11-07 09:16:47,2025-11-07,09:16:47,Webcam,Wajah Manusia,Netral,Tidak Diketahui,Person 13,faces\person_13\person_13_20251107_091647.jpg
2025-11-07 09:16:49,2025-11-07,09:16:49,Webcam,Wajah Manusia,Netral,Tidak Diketahui,Person 14,faces\person_14\person_14_20251107_091649.jpg
2025-11-07 09:16:52,2025-11-07,09:16:52,Webcam,Wajah Manusia,Netral,Tidak Diketahui,Person 6,faces\person_6\person_6_20251107_091652.jpg
2025-11-07 09:16:52,2025-11-07,09:16:52,Webcam,Wajah Manusia,Netral,Tidak Diketahui,Person 12,faces\person_12\person_12_20251107_091652.jpg
2025-11-07 09:24:13,2025-11-07,09:24:13,Webcam,Wajah Manusia,Netral,Tidak Diketahui,Person 13,faces\person_13\person_13_20251107_092413.jpg
2025-11-07 09:24:15,2025-11-07,09:24:15,Webcam,Wajah Manusia,Netral,Tidak Diketahui,Person 6,faces\person_6\person_6_20251107_092415.jpg
2025-11-07 09:24:20,2025-11-07,09:24:20,Webcam,Wajah Manusia,Netral,Tidak Diketahui,Person 1,faces\person_1\person_1_20251107_092420.jpg
2025-11-07 09:24:20,2025-11-07,09:24:20,Webcam,Wajah Manusia,Netral,Tidak Diketahui,Person 12,faces\person_12\person_12_20251107_092420.jpg
2025-11-07 09:24:22,2025-11-07,09:24:22,Webcam,Wajah Manusia,Netral,Tidak Diketahui,Person 15,faces\person_15\person_15_20251107_092422.jpg
2025-11-07 09:24:24,2025-11-07,09:24:24,Webcam,Wajah Manusia,Netral,Tidak Diketahui,Person 6,faces\person_6\person_6_20251107_092424.jpg
2025-11-07 09:45:01,2025-11-07,09:45:01,Webcam,Wajah Manusia,Netral,Tidak Diketahui,Person 16,faces\person_16\person_16_20251107_094501.jpg
2025-11-07 09:48:25,2025-11-07,09:48:25,Webcam,Wajah Manusia,Netral,Tidak Diketahui,Person 14,faces\person_14\person_14_20251107_094825.jpg
2025-11-07 09:53:31,2025-11-07,09:53:31,Webcam,Wajah Manusia,Netral,Tidak Diketahui,Person 11,faces\person_11\person_11_20251107_095331.jpg
2025-11-07 09:53:33,2025-11-07,09:53:33,Webcam,Wajah Manusia,Netral,Tidak Diketahui,Person 17,faces\person_17\person_17_20251107_095333.jpg
2025-11-07 10:05:16,2025-11-07,10:05:16,Webcam,Wajah Manusia,Netral,Tidak Diketahui,Person 14,faces\person_14\person_14_20251107_100516.jpg
2025-11-07 10:05:18,2025-11-07,10:05:18,Webcam,Wajah Manusia,Netral,Tidak Diketahui,Person 6,faces\person_6\person_6_20251107_100518.jpg
2025-11-07 10:05:27,2025-11-07,10:05:27,Webcam,Wajah Manusia,Netral,Tidak Diketahui,Person 18,faces\person_18\person_18_20251107_100527.jpg
2025-11-07 10:05:29,2025-11-07,10:05:29,Webcam,Wajah Manusia,Netral,Tidak Diketahui,Person 1,faces\person_1\person_1_20251107_100529.jpg
2025-11-07 10:05:36,2025-11-07,10:05:36,Webcam,Wajah Manusia,Netral,Tidak Diketahui,Person 2,faces\person_2\person_2_20251107_100536.jpg
2025-11-07 10:05:42,2025-11-07,10:05:42,Webcam,Wajah Manusia,Netral,Tidak Diketahui,Person 2,faces\person_2\person_2_20251107_100542.jpg
2025-11-07 10:05:49,2025-11-07,10:05:49,Webcam,Wajah Manusia,Netral,Tidak Diketahui,Person 1,faces\person_1\person_1_20251107_100549.jpg
2025-11-07 10:05:51,2025-11-07,10:05:51,Webcam,Wajah Manusia,Netral,Tidak Diketahui,Person 2,faces\person_2\person_2_20251107_100551.jpg
2025-11-07 10:05:57,2025-11-07,10:05:57,Webcam,Wajah Manusia,Netral,Tidak Diketahui,Person 2,faces\person_2\person_2_20251107_100557.jpg
2025-11-07 10:05:59,2025-11-07,10:05:59,Webcam,Wajah Manusia,Netral,Tidak Diketahui,Person 1,faces\person_1\person_1_20251107_100559.jpg
2025-11-07 10:06:05,2025-11-07,10:06:05,Webcam,Wajah Manusia,Netral,Tidak Diketahui,Person 1,faces\person_1\person_1_20251107_100605.jpg
2025-11-07 10:06:12,2025-11-07,10:06:12,Webcam,Wajah Manusia,Netral,Tidak Diketahui,Person 1,faces\person_1\person_1_20251107_100612.jpg
2025-11-07 10:06:20,2025-11-07,10:06:20,Webcam,Wajah Manusia,Netral,Tidak Diketahui,Person 6,faces\person_6\person_6_20251107_100620.jpg
2025-11-07 10:06:22,2025-11-07,10:06:22,Webcam,Wajah Manusia,Netral,Tidak Diketahui,Person 1,faces\person_1\person_1_20251107_100622.jpg
2025-11-07 10:06:25,2025-11-07,10:06:25,Webcam,Wajah Manusia,Netral,Tidak Diketahui,Person 2,faces\person_2\person_2_20251107_100625.jpg
2025-11-07 10:06:30,2025-11-07,10:06:30,Webcam,Wajah Manusia,Netral,Tidak Diketahui,Person 2,faces\person_2\person_2_20251107_100630.jpg
2025-11-07 10:06:36,2025-11-07,10:06:36,Webcam,Wajah Manusia,Netral,Tidak Diketahui,Person 2,faces\person_2\person_2_20251107_100636.jpg
2025-11-07 10:06:41,2025-11-07,10:06:41,Webcam,Wajah Manusia,Netral,Tidak Diketahui,Person 1,faces\person_1\person_1_20251107_100641.jpg
2025-11-07 10:06:43,2025-11-07,10:06:43,Webcam,Wajah Manusia,Netral,Tidak Diketahui,Person 2,faces\person_2\person_2_20251107_100643.jpg
2025-11-07 10:06:49,2025-11-07,10:06:49,Webcam,Wajah Manusia,Netral,Tidak Diketahui,Person 2,faces\person_2\person_2_20251107_100649.jpg
2025-11-07 10:06:55,2025-11-07,10:06:55,Webcam,Wajah Manusia,Netral,Tidak Diketahui,Person 2,faces\person_2\person_2_20251107_100655.jpg
2025-11-07 10:07:01,2025-11-07,10:07:01,Webcam,Wajah Manusia,Netral,Tidak Diketahui,Person 2,faces\person_2\person_2_20251107_100701.jpg
2025-11-07 10:07:07,2025-11-07,10:07:07,Webcam,Wajah Manusia,Netral,Tidak Diketahui,Person 1,faces\person_1\person_1_20251107_100707.jpg
2025-11-07 10:07:09,2025-11-07,10:07:09,Webcam,Wajah Manusia,Netral,Tidak Diketahui,Person 2,faces\person_2\person_2_20251107_100709.jpg
2025-11-07 10:07:14,2025-11-07,10:07:14,Webcam,Wajah Manusia,Netral,Tidak Diketahui,Person 2,faces\person_2\person_2_20251107_100714.jpg
2025-11-07 10:07:20,2025-11-07,10:07:20,Webcam,Wajah Manusia,Netral,Tidak Diketahui,Person 2,faces\person_2\person_2_20251107_100720.jpg
2025-11-07 10:07:27,2025-11-07,10:07:27,Webcam,Wajah Manusia,Netral,Tidak Diketahui,Person 2,faces\person_2\person_2_20251107_100727.jpg
2025-11-07 10:07:33,2025-11-07,10:07:33,Webcam,Wajah Manusia,Netral,Tidak Diketahui,Person 2,faces\person_2\person_2_20251107_100733.jpg
2025-11-07 10:07:38,2025-11-07,10:07:38,Webcam,Wajah Manusia,Netral,Tidak Diketahui,Person 2,faces\person_2\person_2_20251107_100738.jpg
2025-11-07 10:07:42,2025-11-07,10:07:42,Webcam,Wajah Manusia,Netral,Tidak Diketahui,Person 3,faces\person_3\person_3_20251107_100742.jpg
2025-11-07 10:07:44,2025-11-07,10:07:44,Webcam,Wajah Manusia,Netral,Tidak Diketahui,Person 2,faces\person_2\person_2_20251107_100744.jpg
2025-11-07 10:07:50,2025-11-07,10:07:50,Webcam,Wajah Manusia,Netral,Tidak Diketahui,Person 2,faces\person_2\person_2_20251107_100750.jpg
2025-11-07 10:07:58,2025-11-07,10:07:58,Webcam,Wajah Manusia,Netral,Tidak Diketahui,Person 2,faces\person_2\person_2_20251107_100758.jpg
2025-11-07 10:08:03,2025-11-07,10:08:03,Webcam,Wajah Manusia,Netral,Tidak Diketahui,Person 2,faces\person_2\person_2_20251107_100803.jpg
2025-11-07 10:08:10,2025-11-07,10:08:10,Webcam,Wajah Manusia,Netral,Tidak Diketahui,Person 2,faces\person_2\person_2_20251107_100810.jpg
2025-11-07 10:08:15,2025-11-07,10:08:15,Webcam,Wajah Manusia,Netral,Tidak Diketahui,Person 2,faces\person_2\person_2_20251107_100815.jpg
2025-11-07 10:08:21,2025-11-07,10:08:21,Webcam,Wajah Manusia,Netral,Tidak Diketahui,Person 2,faces\person_2\person_2_20251107_100821.jpg
2025-11-07 10:08:28,2025-11-07,10:08:28,Webcam,Wajah Manusia,Netral,Tidak Diketahui,Person 2,faces\person_2\person_2_20251107_100828.jpg
2025-11-07 10:08:35,2025-11-07,10:08:35,Webcam,Wajah Manusia,Netral,Tidak Diketahui,Person 2,faces\person_2\person_2_20251107_100835.jpg
2025-11-07 10:08:41,2025-11-07,10:08:41,Webcam,Wajah Manusia,Netral,Tidak Diketahui,Person 2,faces\person_2\person_2_20251107_100841.jpg
2025-11-07 10:08:47,2025-11-07,10:08:47,Webcam,Wajah Manusia,Netral,Tidak Diketahui,Person 1,faces\person_1\person_1_20251107_100847.jpg
2025-11-07 10:08:53,2025-11-07,10:08:53,Webcam,Wajah Manusia,Netral,Tidak Diketahui,Person 1,faces\person_1\person_1_20251107_100853.jpg
2025-11-07 10:08:59,2025-11-07,10:08:59,Webcam,Wajah Manusia,Netral,Tidak Diketahui,Person 1,faces\person_1\person_1_20251107_100859.jpg
2025-11-07 10:09:07,2025-11-07,10:09:07,Webcam,Wajah Manusia,Netral,Tidak Diketahui,Person 1,faces\person_1\person_1_20251107_100907.jpg
2025-11-07 10:09:13,2025-11-07,10:09:13,Webcam,Wajah Manusia,Netral,Tidak Diketahui,Person 1,faces\person_1\person_1_20251107_100913.jpg
2025-11-07 10:09:20,2025-11-07,10:09:20,Webcam,Wajah Manusia,Netral,Tidak Diketahui,Person 1,faces\person_1\person_1_20251107_100920.jpg
2025-11-07 10:09:26,2025-11-07,10:09:26,Webcam,Wajah Manusia,Netral,Tidak Diketahui,Person 1,faces\person_1\person_1_20251107_100926.jpg
2025-11-07 10:09:33,2025-11-07,10:09:33,Webcam,Wajah Manusia,Netral,Tidak Diketahui,Person 1,faces\person_1\person_1_20251107_100933.jpg
2025-11-07 10:09:39,2025-11-07,10:09:39,Webcam,Wajah Manusia,Netral,Tidak Diketahui,Person 1,faces\person_1\person_1_20251107_100939.jpg
2025-11-07 10:09:45,2025-11-07,10:09:45,Webcam,Wajah Manusia,Netral,Tidak Diketahui,Person 1,faces\person_1\person_1_20251107_100945.jpg
2025-11-07 10:09:48,2025-11-07,10:09:48,Webcam,Wajah Manusia,Netral,Tidak Diketahui,Person 2,faces\person_2\person_2_20251107_100948.jpg
2025-11-07 10:09:54,2025-11-07,10:09:54,Webcam,Wajah Manusia,Netral,Tidak Diketahui,Person 2,faces\person_2\person_2_20251107_100954.jpg
2025-11-07 10:09:58,2025-11-07,10:09:58,Webcam,Wajah Manusia,Netral,Tidak Diketahui,Person 1,faces\person_1\person_1_20251107_100958.jpg
2025-11-07 10:16:04,2025-11-07,10:16:04,Webcam,Wajah Manusia,Netral,Tidak Diketahui,Person 1,faces\person_1\person_1_20251107_101604.jpg
2025-11-07 10:16:14,2025-11-07,10:16:14,Webcam,Wajah Manusia,Netral,Tidak Diketahui,Person 2,faces\person_2\person_2_20251107_101614.jpg
2025-11-07 10:16:19,2025-11-07,10:16:19,Webcam,Wajah Manusia,Netral,Tidak Diketahui,Person 3,faces\person_3\person_3_20251107_101619.jpg
2025-11-07 10:16:22,2025-11-07,10:16:22,Webcam,Wajah Manusia,Netral,Tidak Diketahui,Person 2,faces\person_2\person_2_20251107_101622.jpg
2025-11-07 10:16:28,2025-11-07,10:16:28,Webcam,Wajah Manusia,Netral,Tidak Diketahui,Person 2,faces\person_2\person_2_20251107_101628.jpg
2025-11-07 10:16:35,2025-11-07,10:16:35,Webcam,Wajah Manusia,Netral,Tidak Diketahui,Person 2,faces\person_2\person_2_20251107_101635.jpg
2025-11-07 10:21:22,2025-11-07,10:21:22,Webcam,Wajah Manusia,Netral,Tidak Diketahui,Person 1,faces\person_1\person_1_20251107_102122.jpg
2025-11-07 10:21:39,2025-11-07,10:21:39,Webcam,Wajah Manusia,Netral,Tidak Diketahui,Person 1,faces\person_1\person_1_20251107_102139.jpg
2025-11-07 10:44:25,2025-11-07,10:44:25,Webcam,Wajah Manusia,Netral,Tidak Diketahui,Person 1,faces\person_1\person_1_20251107_104425.jpg
2025-11-07 10:44:27,2025-11-07,10:44:27,Webcam,Wajah Manusia,Netral,Tidak Diketahui,Person 2,faces\person_2\person_2_20251107_104427.jpg
2025-11-07 10:44:32,2025-11-07,10:44:32,Webcam,Wajah Manusia,Netral,Tidak Diketahui,Person 1,faces\person_1\person_1_20251107_104432.jpg
2025-11-07 10:46:40,2025-11-07,10:46:40,Webcam,Wajah Manusia,Netral,Tidak Diketahui,Person 1,faces\person_1\person_1_20251107_104640.jpg
2025-11-07 10:46:46,2025-11-07,10:46:46,Webcam,Wajah Manusia,Netral,Tidak Diketahui,Person 1,faces\person_1\person_1_20251107_104646.jpg
2025-11-07 10:46:50,2025-11-07,10:46:50,Webcam,Wajah Manusia,Netral,Tidak Diketahui,Person 2,faces\person_2\person_2_20251107_104650.jpg
2025-11-07 10:46:52,2025-11-07,10:46:52,Webcam,Wajah Manusia,Netral,Tidak Diketahui,Person 1,faces\person_1\person_1_20251107_104652.jpg
2025-11-07 10:46:58,2025-11-07,10:46:58,Webcam,Wajah Manusia,Netral,Tidak Diketahui,Person 2,faces\person_2\person_2_20251107_104658.jpg
2025-11-07 10:47:01,2025-11-07,10:47:01,Webcam,Wajah Manusia,Netral,Tidak Diketahui,Person 1,faces\person_1\person_1_20251107_104701.jpg
2025-11-07 10:47:05,2025-11-07,10:47:05,Webcam,Wajah Manusia,Netral,Tidak Diketahui,Person 2,faces\person_2\person_2_20251107_104705.jpg
2025-11-07 10:47:11,2025-11-07,10:47:11,Webcam,Wajah Manusia,Netral,Tidak Diketahui,Person 2,faces\person_2\person_2_20251107_104711.jpg
2025-11-07 10:47:17,2025-11-07,10:47:17,Webcam,Wajah Manusia,Netral,Tidak Diketahui,Person 2,faces\person_2\person_2_20251107_104717.jpg
2025-11-07 10:47:22,2025-11-07,10:47:22,Webcam,Wajah Manusia,Netral,Tidak Diketahui,Person 3,faces\person_3\person_3_20251107_104722.jpg
2025-11-07 10:47:24,2025-11-07,10:47:24,Webcam,Wajah Manusia,Netral,Tidak Diketahui,Person 2,faces\person_2\person_2_20251107_104724.jpg
2025-11-07 10:47:27,2025-11-07,10:47:27,Webcam,Wajah Manusia,Netral,Tidak Diketahui,Person 1,faces\person_1\person_1_20251107_104727.jpg
2025-11-07 10:47:34,2025-11-07,10:47:34,Webcam,Wajah Manusia,Netral,Tidak Diketahui,Person 1,faces\person_1\person_1_20251107_104734.jpg
2025-11-07 10:47:41,2025-11-07,10:47:41,Webcam,Wajah Manusia,Netral,Tidak Diketahui,Person 1,faces\person_1\person_1_20251107_104741.jpg
2025-11-07 10:47:46,2025-11-07,10:47:46,Webcam,Wajah Manusia,Netral,Tidak Diketahui,Person 1,faces\person_1\person_1_20251107_104746.jpg
2025-11-07 10:47:52,2025-11-07,10:47:52,Webcam,Wajah Manusia,Netral,Tidak Diketahui,Person 1,faces\person_1\person_1_20251107_104752.jpg
2025-11-07 10:47:57,2025-11-07,10:47:57,Webcam,Wajah Manusia,Netral,Tidak Diketahui,Person 1,faces\person_1\person_1_20251107_104757.jpg
2025-11-07 10:48:03,2025-11-07,10:48:03,Webcam,Wajah Manusia,Netral,Tidak Diketahui,Person 1,faces\person_1\person_1_20251107_104803.jpg
2025-11-07 10:48:05,2025-11-07,10:48:05,Webcam,Wajah Manusia,Netral,Tidak Diketahui,Person 2,faces\person_2\person_2_20251107_104805.jpg
2025-11-07 10:48:10,2025-11-07,10:48:10,Webcam,Wajah Manusia,Netral,Tidak Diketahui,Person 2,faces\person_2\person_2_20251107_104810.jpg
2025-11-07 10:48:15,2025-11-07,10:48:15,Webcam,Wajah Manusia,Netral,Tidak Diketahui,Person 3,faces\person_3\person_3_20251107_104815.jpg
2025-11-07 10:48:17,2025-11-07,10:48:17,Webcam,Wajah Manusia,Netral,Tidak Diketahui,Person 2,faces\person_2\person_2_20251107_104817.jpg
2025-11-07 10:48:19,2025-11-07,10:48:19,Webcam,Wajah Manusia,Netral,Tidak Diketahui,Person 1,faces\person_1\person_1_20251107_104819.jpg
2025-11-07 10:48:24,2025-11-07,10:48:24,Webcam,Wajah Manusia,Netral,Tidak Diketahui,Person 1,faces\person_1\person_1_20251107_104824.jpg
2025-11-07 10:48:29,2025-11-07,10:48:29,Webcam,Wajah Manusia,Netral,Tidak Diketahui,Person 1,faces\person_1\person_1_20251107_104829.jpg
2025-11-07 10:48:37,2025-11-07,10:48:37,Webcam,Wajah Manusia,Netral,Tidak Diketahui,Person 1,faces\person_1\person_1_20251107_104837.jpg
2025-11-07 10:48:39,2025-11-07,10:48:39,Webcam,Wajah Manusia,Netral,Tidak Diketahui,Person 4,faces\person_4\person_4_20251107_104839.jpg
2025-11-07 10:48:41,2025-11-07,10:48:41,Webcam,Wajah Manusia,Netral,Tidak Diketahui,Person 5,faces\person_5\person_5_20251107_104841.jpg
2025-11-07 10:48:44,2025-11-07,10:48:44,Webcam,Wajah Manusia,Netral,Tidak Diketahui,Person 1,faces\person_1\person_1_20251107_104844.jpg
2025-11-07 10:48:49,2025-11-07,10:48:49,Webcam,Wajah Manusia,Netral,Tidak Diketahui,Person 1,faces\person_1\person_1_20251107_104849.jpg
2025-11-07 10:48:55,2025-11-07,10:48:55,Webcam,Wajah Manusia,Netral,Tidak Diketahui,Person 2,faces\person_2\person_2_20251107_104855.jpg
2025-11-07 10:49:00,2025-11-07,10:49:00,Webcam,Wajah Manusia,Netral,Tidak Diketahui,Person 1,faces\person_1\person_1_20251107_104900.jpg
2025-11-07 10:49:04,2025-11-07,10:49:04,Webcam,Wajah Manusia,Netral,Tidak Diketahui,Person 3,faces\person_3\person_3_20251107_104904.jpg
2025-11-07 10:49:09,2025-11-07,10:49:09,Webcam,Wajah Manusia,Netral,Tidak Diketahui,Person 6,faces\person_6\person_6_20251107_104909.jpg
2025-11-07 10:49:18,2025-11-07,10:49:18,Webcam,Wajah Manusia,Netral,Tidak Diketahui,Person 1,faces\person_1\person_1_20251107_104918.jpg
2025-11-07 10:49:21,2025-11-07,10:49:21,Webcam,Wajah Manusia,Netral,Tidak Diketahui,Person 7,faces\person_7\person_7_20251107_104921.jpg
2025-11-07 10:49:25,2025-11-07,10:49:25,Webcam,Wajah Manusia,Netral,Tidak Diketahui,Person 1,faces\person_1\person_1_20251107_104925.jpg
2025-11-07 10:49:32,2025-11-07,10:49:32,Webcam,Wajah Manusia,Netral,Tidak Diketahui,Person 8,faces\person_8\person_8_20251107_104932.jpg
2025-11-07 10:49:34,2025-11-07,10:49:34,Webcam,Wajah Manusia,Netral,Tidak Diketahui,Person 1,faces\person_1\person_1_20251107_104934.jpg
2025-11-07 11:11:21,2025-11-07,11:11:21,Webcam,Wajah Manusia,Netral,Tidak Diketahui,Person 1,faces\person_1\person_1_20251107_111121.jpg
2025-11-07 11:11:29,2025-11-07,11:11:29,Webcam,Wajah Manusia,Netral,Tidak Diketahui,Person 1,faces\person_1\person_1_20251107_111129.jpg
2025-11-07 11:11:35,2025-11-07,11:11:35,Webcam,Wajah Manusia,Netral,Tidak Diketahui,Person 1,faces\person_1\person_1_20251107_111135.jpg
2025-11-07 11:11:41,2025-11-07,11:11:41,Webcam,Wajah Manusia,Netral,Tidak Diketahui,Person 2,faces\person_2\person_2_20251107_111141.jpg
2025-11-07 11:11:47,2025-11-07,11:11:47,Webcam,Wajah Manusia,Netral,Tidak Diketahui,Person 2,faces\person_2\person_2_20251107_111147.jpg
2025-11-07 11:11:49,2025-11-07,11:11:49,Webcam,Wajah Manusia,Netral,Tidak Diketahui,Person 1,faces\person_1\person_1_20251107_111149.jpg
2025-11-07 11:11:53,2025-11-07,11:11:53,Webcam,Wajah Manusia,Netral,Tidak Diketahui,Person 3,faces\person_3\person_3_20251107_111153.jpg
2025-11-07 11:11:55,2025-11-07,11:11:55,Webcam,Wajah Manusia,Netral,Tidak Diketahui,Person 2,faces\person_2\person_2_20251107_111155.jpg
2025-11-07 11:11:57,2025-11-07,11:11:57,Webcam,Wajah Manusia,Netral,Tidak Diketahui,Person 1,faces\person_1\person_1_20251107_111157.jpg
2025-11-07 11:12:02,2025-11-07,11:12:02,Webcam,Wajah Manusia,Netral,Tidak Diketahui,Person 1,faces\person_1\person_1_20251107_111202.jpg
2025-11-07 11:12:05,2025-11-07,11:12:05,Webcam,Wajah Manusia,Netral,Tidak Diketahui,Person 2,faces\person_2\person_2_20251107_111205.jpg
2025-11-07 11:12:10,2025-11-07,11:12:10,Webcam,Wajah Manusia,Netral,Tidak Diketahui,Person 2,faces\person_2\person_2_20251107_111210.jpg
2025-11-07 11:12:15,2025-11-07,11:12:15,Webcam,Wajah Manusia,Netral,Tidak Diketahui,Person 1,faces\person_1\person_1_20251107_111215.jpg
2025-11-07 11:12:20,2025-11-07,11:12:20,Webcam,Wajah Manusia,Netral,Tidak Diketahui,Person 1,faces\person_1\person_1_20251107_111220.jpg
2025-11-07 11:12:22,2025-11-07,11:12:22,Webcam,Wajah Manusia,Netral,Tidak Diketahui,Person 2,faces\person_2\person_2_20251107_111222.jpg
2025-11-07 11:12:29,2025-11-07,11:12:29,Webcam,Wajah Manusia,Netral,Tidak Diketahui,Person 2,faces\person_2\person_2_20251107_111229.jpg
2025-11-07 11:12:36,2025-11-07,11:12:36,Webcam,Wajah Manusia,Netral,Tidak Diketahui,Person 1,faces\person_1\person_1_20251107_111236.jpg
2025-11-07 11:12:39,2025-11-07,11:12:39,Webcam,Wajah Manusia,Netral,Tidak Diketahui,Person 2,faces\person_2\person_2_20251107_111239.jpg
2025-11-07 11:12:41,2025-11-07,11:12:41,Webcam,Wajah Manusia,Netral,Tidak Diketahui,Person 1,faces\person_1\person_1_20251107_111241.jpg
2025-11-07 11:12:46,2025-11-07,11:12:46,Webcam,Wajah Manusia,Netral,Tidak Diketahui,Person 1,faces\person_1\person_1_20251107_111246.jpg
2025-11-07 11:12:52,2025-11-07,11:12:52,Webcam,Wajah Manusia,Netral,Tidak Diketahui,Person 1,faces\person_1\person_1_20251107_111252.jpg
2025-11-07 11:12:57,2025-11-07,11:12:57,Webcam,Wajah Manusia,Netral,Tidak Diketahui,Person 1,faces\person_1\person_1_20251107_111257.jpg
2025-11-07 11:13:01,2025-11-07,11:13:01,Webcam,Wajah Manusia,Netral,Tidak Diketahui,Person 2,faces\person_2\person_2_20251107_111301.jpg
2025-11-07 11:13:04,2025-11-07,11:13:04,Webcam,Wajah Manusia,Netral,Tidak Diketahui,Person 1,faces\person_1\person_1_20251107_111304.jpg
2025-11-07 11:13:10,2025-11-07,11:13:10,Webcam,Wajah Manusia,Netral,Tidak Diketahui,Person 1,faces\person_1\person_1_20251107_111310.jpg
2025-11-07 11:13:16,2025-11-07,11:13:16,Webcam,Wajah Manusia,Netral,Tidak Diketahui,Person 1,faces\person_1\person_1_20251107_111316.jpg
2025-11-07 11:13:21,2025-11-07,11:13:21,Webcam,Wajah Manusia,Netral,Tidak Diketahui,Person 1,faces\person_1\person_1_20251107_111321.jpg
2025-11-07 11:13:26,2025-11-07,11:13:26,Webcam,Wajah Manusia,Netral,Tidak Diketahui,Person 1,faces\person_1\person_1_20251107_111326.jpg
2025-11-07 11:13:30,2025-11-07,11:13:30,Webcam,Wajah Manusia,Netral,Tidak Diketahui,Person 2,faces\person_2\person_2_20251107_111330.jpg
2025-11-07 11:13:35,2025-11-07,11:13:35,Webcam,Wajah Manusia,Netral,Tidak Diketahui,Person 2,faces\person_2\person_2_20251107_111335.jpg
2025-11-07 11:13:40,2025-11-07,11:13:40,Webcam,Wajah Manusia,Netral,Tidak Diketahui,Person 2,faces\person_2\person_2_20251107_111340.jpg
2025-11-07 11:13:47,2025-11-07,11:13:47,Webcam,Wajah Manusia,Netral,Tidak Diketahui,Person 2,faces\person_2\person_2_20251107_111347.jpg
2025-11-07 11:23:15,2025-11-07,11:23:15,Webcam,Wajah Manusia,Netral,Tidak Diketahui,Person 1,faces\person_1\person_1_20251107_112315.jpg
2025-11-07 11:23:19,2025-11-07,11:23:19,Webcam,Wajah Manusia,Netral,Tidak Diketahui,Person 2,faces\person_2\person_2_20251107_112319.jpg
2025-11-07 11:23:21,2025-11-07,11:23:21,Webcam,Wajah Manusia,Netral,Tidak Diketahui,Person 4,faces\person_4\person_4_20251107_112321.jpg
2025-11-07 11:23:25,2025-11-07,11:23:25,Webcam,Wajah Manusia,Netral,Tidak Diketahui,Person 2,faces\person_2\person_2_20251107_112325.jpg
2025-11-07 11:23:33,2025-11-07,11:23:33,Webcam,Wajah Manusia,Netral,Tidak Diketahui,Person 2,faces\person_2\person_2_20251107_112333.jpg
2025-11-07 11:23:54,2025-11-07,11:23:54,Webcam,Wajah Manusia,Netral,Tidak Diketahui,Person 2,faces\person_2\person_2_20251107_112354.jpg
2025-11-07 11:24:05,2025-11-07,11:24:05,Webcam,Wajah Manusia,Netral,Tidak Diketahui,Person 5,faces\person_5\person_5_20251107_112405.jpg
2025-11-07 11:24:16,2025-11-07,11:24:16,Webcam,Wajah Manusia,Netral,Tidak Diketahui,Person 2,faces\person_2\person_2_20251107_112416.jpg
2025-11-07 12:26:41,2025-11-07,12:26:41,Webcam,Wajah Manusia,Netral,Tidak Diketahui,Person 1,faces\person_1\person_1_20251107_122641.jpg
2025-11-07 12:26:47,2025-11-07,12:26:47,Webcam,Wajah Manusia,Netral,Tidak Diketahui,Person 1,faces\person_1\person_1_20251107_122647.jpg
2025-11-07 12:26:55,2025-11-07,12:26:55,Webcam,Wajah Manusia,Netral,Tidak Diketahui,Person 1,faces\person_1\person_1_20251107_122655.jpg
2025-11-07 12:27:03,2025-11-07,12:27:03,Webcam,Wajah Manusia,Netral,Tidak Diketahui,Person 1,faces\person_1\person_1_20251107_122703.jpg
2025-11-07 12:27:07,2025-11-07,12:27:07,Webcam,Wajah Manusia,Netral,Tidak Diketahui,Person 6,faces\person_6\person_6_20251107_122707.jpg
2025-11-07 12:27:17,2025-11-07,12:27:17,Webcam,Wajah Manusia,Netral,Tidak Diketahui,Person 2,faces\person_2\person_2_20251107_122717.jpg
2025-11-07 12:27:22,2025-11-07,12:27:22,Webcam,Wajah Manusia,Netral,Tidak Diketahui,Person 2,faces\person_2\person_2_20251107_122722.jpg
2025-11-07 12:27:27,2025-11-07,12:27:27,Webcam,Wajah Manusia,Netral,Tidak Diketahui,Person 1,faces\person_1\person_1_20251107_122727.jpg
2025-11-07 12:27:35,2025-11-07,12:27:35,Webcam,Wajah Manusia,Netral,Tidak Diketahui,Person 7,faces\person_7\person_7_20251107_122735.jpg
2025-11-07 12:27:35,2025-11-07,12:27:35,Webcam,Wajah Manusia,Netral,Tidak Diketahui,Person 1,faces\person_1\person_1_20251107_122735.jpg
2025-11-07 12:27:45,2025-11-07,12:27:45,Webcam,Wajah Manusia,Netral,Tidak Diketahui,Person 1,faces\person_1\person_1_20251107_122745.jpg
2025-11-07 12:27:48,2025-11-07,12:27:48,Webcam,Wajah Manusia,Netral,Tidak Diketahui,Person 2,faces\person_2\person_2_20251107_122748.jpg
2025-11-07 12:27:51,2025-11-07,12:27:51,Webcam,Wajah Manusia,Netral,Tidak Diketahui,Person 8,faces\person_8\person_8_20251107_122751.jpg
2025-11-07 12:27:54,2025-11-07,12:27:54,Webcam,Wajah Manusia,Netral,Tidak Diketahui,Person 1,faces\person_1\person_1_20251107_122754.jpg
2025-11-07 12:27:57,2025-11-07,12:27:57,Webcam,Wajah Manusia,Netral,Tidak Diketahui,Person 9,faces\person_9\person_9_20251107_122757.jpg
2025-11-07 12:27:59,2025-11-07,12:27:59,Webcam,Wajah Manusia,Netral,Tidak Diketahui,Person 1,faces\person_1\person_1_20251107_122759.jpg
2025-11-09 08:59:49,2025-11-09,08:59:49,Webcam,Wajah Manusia,Netral,Tidak Diketahui,Person 1,faces\person_1\person_1_20251109_085949.jpg
2025-11-09 08:59:58,2025-11-09,08:59:58,Webcam,Wajah Manusia,Netral,Tidak Diketahui,Person 2,faces\person_2\person_2_20251109_085958.jpg
2025-11-09 09:00:28,2025-11-09,09:00:28,Webcam,Wajah Manusia,Netral,Tidak Diketahui,Person 3,faces\person_3\person_3_20251109_090028.jpg
2025-11-09 09:00:28,2025-11-09,09:00:28,Webcam,Wajah Manusia,Netral,Tidak Diketahui,Person 1,faces\person_1\person_1_20251109_090028.jpg
2025-11-09 09:00:30,2025-11-09,09:00:30,Webcam,Wajah Manusia,Netral,Tidak Diketahui,Person 4,faces\person_4\person_4_20251109_090030.jpg
2025-11-09 09:00:30,2025-11-09,09:00:30,Webcam,Wajah Manusia,Netral,Tidak Diketahui,Person 2,faces\person_2\person_2_20251109_090030.jpg
2025-11-09 09:00:34,2025-11-09,09:00:34,Webcam,Wajah Manusia,Netral,Tidak Diketahui,Person 1,faces\person_1\person_1_20251109_090034.jpg
2025-11-09 09:00:36,2025-11-09,09:00:36,Webcam,Wajah Manusia,Netral,Tidak Diketahui,Person 3,faces\person_3\person_3_20251109_090036.jpg
2025-11-09 09:00:39,2025-11-09,09:00:39,Webcam,Wajah Manusia,Netral,Tidak Diketahui,Person 5,faces\person_5\person_5_20251109_090039.jpg
2025-11-09 09:00:39,2025-11-09,09:00:39,Webcam,Wajah Manusia,Netral,Tidak Diketahui,Person 1,faces\person_1\person_1_20251109_090039.jpg
2025-11-09 09:00:39,2025-11-09,09:00:39,Webcam,Wajah Manusia,Netral,Tidak Diketahui,Person 2,faces\person_2\person_2_20251109_090039.jpg
2025-11-09 09:00:45,2025-11-09,09:00:45,Webcam,Wajah Manusia,Netral,Tidak Diketahui,Person 2,faces\person_2\person_2_20251109_090045.jpg
2025-11-09 09:00:49,2025-11-09,09:00:49,Webcam,Wajah Manusia,Netral,Tidak Diketahui,Person 6,faces\person_6\person_6_20251109_090049.jpg
2025-11-09 09:00:54,2025-11-09,09:00:54,Webcam,Wajah Manusia,Netral,Tidak Diketahui,Person 1,faces\person_1\person_1_20251109_090054.jpg
2025-11-09 09:01:00,2025-11-09,09:01:00,Webcam,Wajah Manusia,Netral,Tidak Diketahui,Person 1,faces\person_1\person_1_20251109_090100.jpg
2025-11-09 09:01:07,2025-11-09,09:01:07,Webcam,Wajah Manusia,Netral,Tidak Diketahui,Person 1,faces\person_1\person_1_20251109_090107.jpg
2025-11-09 09:01:13,2025-11-09,09:01:13,Webcam,Wajah Manusia,Netral,Tidak Diketahui,Person 1,faces\person_1\person_1_20251109_090113.jpg
2025-11-09 09:01:16,2025-11-09,09:01:16,Webcam,Wajah Manusia,Netral,Tidak Diketahui,Person 7,faces\person_7\person_7_20251109_090116.jpg
2025-11-09 09:01:16,2025-11-09,09:01:16,Webcam,Wajah Manusia,Netral,Tidak Diketahui,Person 8,faces\person_8\person_8_20251109_090116.jpg
2025-11-09 09:01:45,2025-11-09,09:01:45,Webcam,Wajah Manusia,Netral,Tidak Diketahui,Person 9,faces\person_9\person_9_20251109_090145.jpg
2025-11-09 09:03:43,2025-11-09,09:03:43,Webcam,Wajah Manusia,Netral,Tidak Diketahui,Person 10,faces\person_10\person_10_20251109_090343.jpg
2025-11-09 09:03:48,2025-11-09,09:03:48,Webcam,Wajah Manusia,Netral,Tidak Diketahui,Person 10,faces\person_10\person_10_20251109_090348.jpg
2025-11-09 09:03:54,2025-11-09,09:03:54,Webcam,Wajah Manusia,Netral,Tidak Diketahui,Person 10,faces\person_10\person_10_20251109_090354.jpg
2025-11-09 09:03:55,2025-11-09,09:03:55,Webcam,Wajah Manusia,Netral,Tidak Diketahui,Person 11,faces\person_11\person_11_20251109_090355.jpg
2025-11-09 09:03:57,2025-11-09,09:03:57,Webcam,Wajah Manusia,Netral,Tidak Diketahui,Person 12,faces\person_12\person_12_20251109_090357.jpg
2025-11-09 09:04:00,2025-11-09,09:04:00,Webcam,Wajah Manusia,Netral,Tidak Diketahui,Person 13,faces\person_13\person_13_20251109_090400.jpg
2025-11-09 09:04:02,2025-11-09,09:04:02,Webcam,Wajah Manusia,Netral,Tidak Diketahui,Person 10,faces\person_10\person_10_20251109_090402.jpg
2025-11-09 09:04:05,2025-11-09,09:04:05,Webcam,Wajah Manusia,Netral,Tidak Diketahui,Person 7,faces\person_7\person_7_20251109_090405.jpg
2025-11-09 09:04:08,2025-11-09,09:04:08,Webcam,Wajah Manusia,Netral,Tidak Diketahui,Person 14,faces\person_14\person_14_20251109_090408.jpg
2025-11-09 09:04:12,2025-11-09,09:04:12,Webcam,Wajah Manusia,Netral,Tidak Diketahui,Person 7,faces\person_7\person_7_20251109_090412.jpg
2025-11-09 09:04:16,2025-11-09,09:04:16,Webcam,Wajah Manusia,Netral,Tidak Diketahui,Person 14,faces\person_14\person_14_20251109_090416.jpg
2025-11-09 09:04:18,2025-11-09,09:04:18,Webcam,Wajah Manusia,Netral,Tidak Diketahui,Person 7,faces\person_7\person_7_20251109_090418.jpg
2025-11-09 09:04:19,2025-11-09,09:04:19,Webcam,Wajah Manusia,Netral,Tidak Diketahui,Person 15,faces\person_15\person_15_20251109_090419.jpg
2025-11-09 09:04:23,2025-11-09,09:04:23,Webcam,Wajah Manusia,Netral,Tidak Diketahui,Person 14,faces\person_14\person_14_20251109_090423.jpg
2025-11-09 09:04:30,2025-11-09,09:04:30,Webcam,Wajah Manusia,Netral,Tidak Diketahui,Person 3,faces\person_3\person_3_20251109_090430.jpg
2025-11-09 09:04:30,2025-11-09,09:04:30,Webcam,Wajah Manusia,Netral,Tidak Diketahui,Person 4,faces\person_4\person_4_20251109_090430.jpg
2025-11-09 09:04:32,2025-11-09,09:04:32,Webcam,Wajah Manusia,Netral,Tidak Diketahui,Person 16,faces\person_16\person_16_20251109_090432.jpg
2025-11-09 09:21:51,2025-11-09,09:21:51,Webcam,Wajah Manusia,Netral,Tidak Diketahui,Person 3,faces\person_3\person_3_20251109_092151.jpg
2025-11-09 09:21:51,2025-11-09,09:21:51,Webcam,Wajah Manusia,Netral,Tidak Diketahui,Person 1,faces\person_1\person_1_20251109_092151.jpg
2025-11-09 09:21:54,2025-11-09,09:21:54,Webcam,Wajah Manusia,Netral,Tidak Diketahui,Person 17,faces\person_17\person_17_20251109_092154.jpg
2025-11-09 09:22:00,2025-11-09,09:22:00,Webcam,Wajah Manusia,Netral,Tidak Diketahui,Person 1,faces\person_1\person_1_20251109_092200.jpg
2025-11-09 09:22:02,2025-11-09,09:22:02,Webcam,Wajah Manusia,Netral,Tidak Diketahui,Person 18,faces\person_18\person_18_20251109_092202.jpg
2025-11-09 09:22:06,2025-11-09,09:22:06,Webcam,Wajah Manusia,Netral,Tidak Diketahui,Person 1,faces\person_1\person_1_20251109_092206.jpg
2025-11-09 09:22:11,2025-11-09,09:22:11,Webcam,Wajah Manusia,Netral,Tidak Diketahui,Person 19,faces\person_19\person_19_20251109_092211.jpg
2025-11-09 09:22:13,2025-11-09,09:22:13,Webcam,Wajah Manusia,Netral,Tidak Diketahui,Person 1,faces\person_1\person_1_20251109_092213.jpg
2025-11-09 09:22:20,2025-11-09,09:22:20,Webcam,Wajah Manusia,Netral,Tidak Diketahui,Person 1,faces\person_1\person_1_20251109_092220.jpg
2025-11-09 09:22:26,2025-11-09,09:22:26,Webcam,Wajah Manusia,Netral,Tidak Diketahui,Person 2,faces\person_2\person_2_20251109_092226.jpg
2025-11-09 09:22:30,2025-11-09,09:22:30,Webcam,Wajah Manusia,Netral,Tidak Diketahui,Person 20,faces\person_20\person_20_20251109_092230.jpg
2025-11-09 09:22:32,2025-11-09,09:22:32,Webcam,Wajah Manusia,Netral,Tidak Diketahui,Person 1,faces\person_1\person_1_20251109_092232.jpg
2025-11-09 09:22:39,2025-11-09,09:22:39,Webcam,Wajah Manusia,Netral,Tidak Diketahui,Person 1,faces\person_1\person_1_20251109_092239.jpg
2025-11-09 09:22:45,2025-11-09,09:22:45,Webcam,Wajah Manusia,Netral,Tidak Diketahui,Person 1,faces\person_1\person_1_20251109_092245.jpg
2025-11-09 09:22:51,2025-11-09,09:22:51,Webcam,Wajah Manusia,Netral,Tidak Diketahui,Person 20,faces\person_20\person_20_20251109_092251.jpg
2025-11-09 09:22:53,2025-11-09,09:22:53,Webcam,Wajah Manusia,Netral,Tidak Diketahui,Person 2,faces\person_2\person_2_20251109_092253.jpg
2025-11-09 09:23:18,2025-11-09,09:23:18,Webcam,Wajah Manusia,Netral,Tidak Diketahui,Person 1,faces\person_1\person_1_20251109_092318.jpg
2025-11-09 09:23:24,2025-11-09,09:23:24,Webcam,Wajah Manusia,Netral,Tidak Diketahui,Person 20,faces\person_20\person_20_20251109_092324.jpg
2025-11-09 09:23:29,2025-11-09,09:23:29,Webcam,Wajah Manusia,Netral,Tidak Diketahui,Person 2,faces\person_2\person_2_20251109_092329.jpg
2025-11-09 09:23:31,2025-11-09,09:23:31,Webcam,Wajah Manusia,Netral,Tidak Diketahui,Person 1,faces\person_1\person_1_20251109_092331.jpg
2025-11-09 09:23:40,2025-11-09,09:23:40,Webcam,Wajah Manusia,Netral,Tidak Diketahui,Person 1,faces\person_1\person_1_20251109_092340.jpg
2025-11-09 09:23:46,2025-11-09,09:23:46,Webcam,Wajah Manusia,Netral,Tidak Diketahui,Person 1,faces\person_1\person_1_20251109_092346.jpg
2025-11-09 09:23:46,2025-11-09,09:23:46,Webcam,Wajah Manusia,Netral,Tidak Diketahui,Person 17,faces\person_17\person_17_20251109_092346.jpg
2025-11-09 09:23:52,2025-11-09,09:23:52,Webcam,Wajah Manusia,Netral,Tidak Diketahui,Person 1,faces\person_1\person_1_20251109_092352.jpg
2025-11-09 09:24:03,2025-11-09,09:24:03,Webcam,Wajah Manusia,Netral,Tidak Diketahui,Person 1,faces\person_1\person_1_20251109_092403.jpg
2025-11-09 09:24:03,2025-11-09,09:24:03,Webcam,Wajah Manusia,Netral,Tidak Diketahui,Person 17,faces\person_17\person_17_20251109_092403.jpg
2025-11-09 09:24:10,2025-11-09,09:24:10,Webcam,Wajah Manusia,Netral,Tidak Diketahui,Person 1,faces\person_1\person_1_20251109_092410.jpg
2025-11-09 09:24:16,2025-11-09,09:24:16,Webcam,Wajah Manusia,Netral,Tidak Diketahui,Person 1,faces\person_1\person_1_20251109_092416.jpg
2025-11-09 09:24:22,2025-11-09,09:24:22,Webcam,Wajah Manusia,Netral,Tidak Diketahui,Person 1,faces\person_1\person_1_20251109_092422.jpg
2025-11-09 09:24:24,2025-11-09,09:24:24,Webcam,Wajah Manusia,Netral,Tidak Diketahui,Person 2,faces\person_2\person_2_20251109_092424.jpg
2025-11-09 09:24:27,2025-11-09,09:24:27,Webcam,Wajah Manusia,Netral,Tidak Diketahui,Person 1,faces\person_1\person_1_20251109_092427.jpg
2025-11-09 09:24:37,2025-11-09,09:24:37,Webcam,Wajah Manusia,Netral,Tidak Diketahui,Person 1,faces\person_1\person_1_20251109_092437.jpg
2025-11-09 09:30:01,2025-11-09,09:30:01,Webcam,Wajah Manusia,Netral,Tidak Diketahui,Person 2,faces\person_2\person_2_20251109_093001.jpg
2025-11-09 09:30:05,2025-11-09,09:30:05,Webcam,Wajah Manusia,Netral,Tidak Diketahui,Person 1,faces\person_1\person_1_20251109_093005.jpg
2025-11-09 09:31:24,2025-11-09,09:31:24,Webcam,Wajah Manusia,Netral,Tidak Diketahui,Person 1,faces\person_1\person_1_20251109_093124.jpg
2025-11-09 09:31:30,2025-11-09,09:31:30,Webcam,Wajah Manusia,Netral,Tidak Diketahui,Person 2,faces\person_2\person_2_20251109_093130.jpg
2025-11-09 18:39:56,2025-11-09,18:39:56,Webcam,Wajah Manusia,Netral,Tidak Diketahui,Person 1,faces\person_1\person_1_20251109_183956.jpg
2025-11-09 18:39:56,2025-11-09,18:39:56,Webcam,Wajah Manusia,Netral,Tidak Diketahui,Person 2,faces\person_2\person_2_20251109_183956.jpg
2025-11-09 18:39:59,2025-11-09,18:39:59,Webcam,Wajah Manusia,Netral,Tidak Diketahui,Person 3,faces\person_3\person_3_20251109_183959.jpg
2025-11-09 18:40:03,2025-11-09,18:40:03,Webcam,Wajah Manusia,Netral,Tidak Diketahui,Person 4,faces\person_4\person_4_20251109_184003.jpg
2025-11-09 18:40:03,2025-11-09,18:40:03,Webcam,Wajah Manusia,Netral,Tidak Diketahui,Person 2,faces\person_2\person_2_20251109_184003.jpg
2025-11-09 18:40:07,2025-11-09,18:40:07,Webcam,Wajah Manusia,Netral,Tidak Diketahui,Person 3,faces\person_3\person_3_20251109_184007.jpg
2025-11-09 18:40:09,2025-11-09,18:40:09,Webcam,Wajah Manusia,Netral,Tidak Diketahui,Person 2,faces\person_2\person_2_20251109_184009.jpg
2025-11-09 18:40:10,2025-11-09,18:40:10,Webcam,Wajah Manusia,Netral,Tidak Diketahui,Person 4,faces\person_4\person_4_20251109_184010.jpg
2025-11-09 18:40:14,2025-11-09,18:40:14,Webcam,Wajah Manusia,Netral,Tidak Diketahui,Person 5,faces\person_5\person_5_20251109_184014.jpg
2025-11-09 18:40:14,2025-11-09,18:40:14,Webcam,Wajah Manusia,Netral,Tidak Diketahui,Person 6,faces\person_6\person_6_20251109_184014.jpg
2025-11-09 18:40:29,2025-11-09,18:40:29,Webcam,Wajah Manusia,Netral,Tidak Diketahui,Person 1,faces\person_1\person_1_20251109_184029.jpg
2025-11-09 18:40:29,2025-11-09,18:40:29,Webcam,Wajah Manusia,Netral,Tidak Diketahui,Person 2,faces\person_2\person_2_20251109_184029.jpg
2025-11-09 18:40:31,2025-11-09,18:40:31,Webcam,Wajah Manusia,Netral,Tidak Diketahui,Person 4,faces\person_4\person_4_20251109_184031.jpg
2025-11-09 18:40:33,2025-11-09,18:40:33,Webcam,Wajah Manusia,Netral,Tidak Diketahui,Person 5,faces\person_5\person_5_20251109_184033.jpg
2025-11-09 18:40:34,2025-11-09,18:40:34,Webcam,Wajah Manusia,Netral,Tidak Diketahui,Person 7,faces\person_7\person_7_20251109_184034.jpg
2025-11-09 18:40:34,2025-11-09,18:40:34,Webcam,Wajah Manusia,Netral,Tidak Diketahui,Person 6,faces\person_6\person_6_20251109_184034.jpg
2025-11-09 19:00:56,2025-11-09,19:00:56,Webcam,Wajah Manusia,Netral,Tidak Diketahui,Person 8,faces\person_8\person_8_20251109_190056.jpg
2025-11-09 19:00:56,2025-11-09,19:00:56,Webcam,Wajah Manusia,Netral,Tidak Diketahui,Person 9,faces\person_9\person_9_20251109_190056.jpg
2025-11-09 19:00:58,2025-11-09,19:00:58,Webcam,Wajah Manusia,Netral,Tidak Diketahui,Person 10,faces\person_10\person_10_20251109_190058.jpg
2025-11-09 19:00:58,2025-11-09,19:00:58,Webcam,Wajah Manusia,Netral,Tidak Diketahui,Person 1,faces\person_1\person_1_20251109_190058.jpg
2025-11-09 19:00:58,2025-11-09,19:00:58,Webcam,Wajah Manusia,Netral,Tidak Diketahui,Person 2,faces\person_2\person_2_20251109_190058.jpg
2025-11-09 19:01:00,2025-11-09,19:01:00,Webcam,Wajah Manusia,Netral,Tidak Diketahui,Person 4,faces\person_4\person_4_20251109_190100.jpg
2025-11-09 19:01:04,2025-11-09,19:01:04,Webcam,Wajah Manusia,Netral,Tidak Diketahui,Person 1,faces\person_1\person_1_20251109_190104.jpg
2025-11-09 19:01:04,2025-11-09,19:01:04,Webcam,Wajah Manusia,Netral,Tidak Diketahui,Person 10,faces\person_10\person_10_20251109_190104.jpg
2025-11-09 19:01:04,2025-11-09,19:01:04,Webcam,Wajah Manusia,Netral,Tidak Diketahui,Person 2,faces\person_2\person_2_20251109_190104.jpg
2025-11-09 19:01:07,2025-11-09,19:01:07,Webcam,Wajah Manusia,Netral,Tidak Diketahui,Person 4,faces\person_4\person_4_20251109_190107.jpg
2025-11-09 19:01:07,2025-11-09,19:01:07,Webcam,Wajah Manusia,Netral,Tidak Diketahui,Person 11,faces\person_11\person_11_20251109_190107.jpg
2025-11-09 19:49:34,2025-11-09,19:49:34,Webcam,Wajah Manusia,Netral,Tidak Diketahui,Person 1,faces\person_1\person_1_20251109_194934.jpg
2025-11-09 19:49:34,2025-11-09,19:49:34,Webcam,Wajah Manusia,Netral,Tidak Diketahui,Person 2,faces\person_2\person_2_20251109_194934.jpg
2025-11-09 19:49:36,2025-11-09,19:49:36,Webcam,Wajah Manusia,Netral,Tidak Diketahui,Person 3,faces\person_3\person_3_20251109_194936.jpg
2025-11-09 19:49:36,2025-11-09,19:49:36,Webcam,Wajah Manusia,Netral,Tidak Diketahui,Person 4,faces\person_4\person_4_20251109_194936.jpg
2025-11-10 09:25:50,2025-11-10,09:25:50,Webcam,Wajah Manusia,Netral,Tidak Diketahui,Person 1,faces\person_1\person_1_20251110_092550.jpg
2025-11-10 09:25:57,2025-11-10,09:25:57,Webcam,Wajah Manusia,Netral,Tidak Diketahui,Person 2,faces\person_2\person_2_20251110_092557.jpg
2025-11-10 09:26:11,2025-11-10,09:26:11,Webcam,Wajah Manusia,Netral,Tidak Diketahui,Person 3,faces\person_3\person_3_20251110_092611.jpg
2025-11-10 09:26:11,2025-11-10,09:26:11,Webcam,Wajah Manusia,Netral,Tidak Diketahui,Person 4,faces\person_4\person_4_20251110_092611.jpg
2025-11-10 09:26:19,2025-11-10,09:26:19,Webcam,Wajah Manusia,Netral,Tidak Diketahui,Person 5,faces\person_5\person_5_20251110_092619.jpg
2025-11-10 09:26:34,2025-11-10,09:26:34,Webcam,Wajah Manusia,Netral,Tidak Diketahui,Person 6,faces\person_6\person_6_20251110_092634.jpg
2025-11-10 09:26:48,2025-11-10,09:26:48,Webcam,Wajah Manusia,Netral,Tidak Diketahui,Person 7,faces\person_7\person_7_20251110_092648.jpg
2025-11-10 09:27:09,2025-11-10,09:27:09,Webcam,Wajah Manusia,Netral,Tidak Diketahui,Person 8,faces\person_8\person_8_20251110_092709.jpg
2025-11-10 09:27:16,2025-11-10,09:27:16,Webcam,Wajah Manusia,Netral,Tidak Diketahui,Person 9,faces\person_9\person_9_20251110_092716.jpg
2025-11-10 09:27:48,2025-11-10,09:27:48,Webcam,Wajah Manusia,Netral,Tidak Diketahui,Person 10,faces\person_10\person_10_20251110_092748.jpg
2025-11-10 09:28:05,2025-11-10,09:28:05,Webcam,Wajah Manusia,Netral,Tidak Diketahui,Person 11,faces\person_11\person_11_20251110_092805.jpg
2025-11-10 09:28:23,2025-11-10,09:28:23,Webcam,Wajah Manusia,Netral,Tidak Diketahui,Person 12,faces\person_12\person_12_20251110_092823.jpg
2025-11-10 09:28:24,2025-11-10,09:28:24,Webcam,Wajah Manusia,Netral,Tidak Diketahui,Person 13,faces\person_13\person_13_20251110_092824.jpg
2025-11-10 09:28:27,2025-11-10,09:28:27,Webcam,Wajah Manusia,Netral,Tidak Diketahui,Person 14,faces\person_14\person_14_20251110_092827.jpg
2025-11-10 09:30:33,2025-11-10,09:30:33,Webcam,Wajah Manusia,Netral,Tidak Diketahui,Person 15,faces\person_15\person_15_20251110_093033.jpg
2025-11-10 09:30:37,2025-11-10,09:30:37,Webcam,Wajah Manusia,Netral,Tidak Diketahui,Person 16,faces\person_16\person_16_20251110_093037.jpg
2025-11-10 09:30:40,2025-11-10,09:30:40,Webcam,Wajah Manusia,Netral,Tidak Diketahui,Person 17,faces\person_17\person_17_20251110_093040.jpg
2025-11-10 09:30:47,2025-11-10,09:30:47,Webcam,Wajah Manusia,Netral,Tidak Diketahui,Person 18,faces\person_18\person_18_20251110_093047.jpg
2025-11-10 09:30:52,2025-11-10,09:30:52,Webcam,Wajah Manusia,Netral,Tidak Diketahui,Person 19,faces\person_19\person_19_20251110_093052.jpg
2025-11-10 09:30:56,2025-11-10,09:30:56,Webcam,Wajah Manusia,Netral,Tidak Diketahui,Person 20,faces\person_20\person_20_20251110_093056.jpg
2025-11-11 06:12:21,2025-11-11,06:12:21,Webcam,Wajah Manusia,Netral,Tidak Diketahui,Person 1,faces\person_1\person_1_20251111_061221.jpg
2025-11-11 06:12:22,2025-11-11,06:12:22,Webcam,Wajah Manusia,Netral,Tidak Diketahui,Person 2,faces\person_2\person_2_20251111_061222.jpg
2025-11-11 06:12:23,2025-11-11,06:12:23,Webcam,Wajah Manusia,Netral,Tidak Diketahui,Person 3,faces\person_3\person_3_20251111_061223.jpg
2025-11-11 06:12:29,2025-11-11,06:12:29,Webcam,Wajah Manusia,Netral,Tidak Diketahui,Person 4,faces\person_4\person_4_20251111_061229.jpg
2025-11-11 06:12:41,2025-11-11,06:12:41,Webcam,Wajah Manusia,Netral,Tidak Diketahui,Person 5,faces\person_5\person_5_20251111_061241.jpg
2025-11-11 06:13:25,2025-11-11,06:13:25,Webcam,Wajah Manusia,Netral,Tidak Diketahui,Person 6,faces\person_6\person_6_20251111_061325.jpg
2025-11-11 06:22:30,2025-11-11,06:22:30,Webcam,Wajah Manusia,Netral,Tidak Diketahui,Person 1,faces\person_1\person_1_20251111_062230.jpg
2025-11-11 06:22:37,2025-11-11,06:22:37,Webcam,Wajah Manusia,Netral,Tidak Diketahui,Person 2,faces\person_2\person_2_20251111_062237.jpg
2025-11-11 06:23:02,2025-11-11,06:23:02,Webcam,Wajah Manusia,Netral,Tidak Diketahui,Person 3,faces\person_3\person_3_20251111_062302.jpg
2025-11-11 06:23:45,2025-11-11,06:23:45,Webcam,Wajah Manusia,Netral,Tidak Diketahui,Person 4,faces\person_4\person_4_20251111_062345.jpg
2025-11-11 06:25:08,2025-11-11,06:25:08,Webcam,Wajah Manusia,Netral,Tidak Diketahui,Person 5,faces\person_5\person_5_20251111_062508.jpg
2025-11-11 06:26:04,2025-11-11,06:26:04,Webcam,Wajah Manusia,Netral,Tidak Diketahui,Person 6,faces\person_6\person_6_20251111_062604.jpg
2025-11-11 06:26:11,2025-11-11,06:26:11,Webcam,Wajah Manusia,Netral,Tidak Diketahui,Person 7,faces\person_7\person_7_20251111_062611.jpg
2025-11-11 06:26:15,2025-11-11,06:26:15,Webcam,Wajah Manusia,Netral,Tidak Diketahui,Person 8,faces\person_8\person_8_20251111_062615.jpg
2025-11-11 06:26:51,2025-11-11,06:26:51,Webcam,Wajah Manusia,Netral,Tidak Diketahui,Person 9,faces\person_9\person_9_20251111_062651.jpg
2025-11-11 06:26:57,2025-11-11,06:26:57,Webcam,Wajah Manusia,Netral,Tidak Diketahui,Person 10,faces\person_10\person_10_20251111_062657.jpg
2025-11-11 06:28:26,2025-11-11,06:28:26,Webcam,Wajah Manusia,Netral,Tidak Diketahui,Person 11,faces\person_11\person_11_20251111_062826.jpg
2025-11-11 06:29:03,2025-11-11,06:29:03,Webcam,Wajah Manusia,Netral,Tidak Diketahui,Person 12,faces\person_12\person_12_20251111_062903.jpg
2025-11-11 06:29:20,2025-11-11,06:29:20,Webcam,Wajah Manusia,Netral,Tidak Diketahui,Person 13,faces\person_13\person_13_20251111_062920.jpg
2025-11-11 06:29:39,2025-11-11,06:29:39,Webcam,Wajah Manusia,Netral,Tidak Diketahui,Person 14,faces\person_14\person_14_20251111_062939.jpg
2025-11-11 06:29:40,2025-11-11,06:29:40,Webcam,Wajah Manusia,Netral,Tidak Diketahui,Person 15,faces\person_15\person_15_20251111_062940.jpg
2025-11-11 06:29:41,2025-11-11,06:29:41,Webcam,Wajah Manusia,Netral,Tidak Diketahui,Person 16,faces\person_16\person_16_20251111_062941.jpg
2025-11-11 06:29:49,2025-11-11,06:29:49,Webcam,Wajah Manusia,Netral,Tidak Diketahui,Person 17,faces\person_17\person_17_20251111_062949.jpg
2025-11-11 06:37:22,2025-11-11,06:37:22,Webcam,Wajah Manusia,Netral,Tidak Diketahui,Person 1,faces\person_1\person_1_20251111_063722.jpg
2025-11-11 06:37:30,2025-11-11,06:37:30,Webcam,Wajah Manusia,Netral,Tidak Diketahui,Person 2,faces\person_2\person_2_20251111_063730.jpg
2025-11-11 06:37:40,2025-11-11,06:37:40,Webcam,Wajah Manusia,Netral,Tidak Diketahui,Person 3,faces\person_3\person_3_20251111_063740.jpg
2025-11-11 06:47:38,2025-11-11,06:47:38,Webcam,Wajah Manusia,Netral,Tidak Diketahui,Person 1,faces\person_1\person_1_20251111_064738.jpg
2025-11-11 07:16:56,2025-11-11,07:16:56,Webcam,Wajah Manusia,Netral,Tidak Diketahui,Person 1,faces\person_1\person_1_20251111_071656.jpg
2025-11-11 07:16:58,2025-11-11,07:16:58,Webcam,Wajah Manusia,Netral,Tidak Diketahui,Person 2,faces\person_2\person_2_20251111_071658.jpg
2025-11-11 07:16:58,2025-11-11,07:16:58,Webcam,Wajah Manusia,Netral,Tidak Diketahui,Person 3,faces\person_3\person_3_20251111_071658.jpg
2025-11-11 07:17:12,2025-11-11,07:17:12,Webcam,Wajah Manusia,Netral,Tidak Diketahui,Person 4,faces\person_4\person_4_20251111_071712.jpg
2025-11-11 07:17:31,2025-11-11,07:17:31,Webcam,Wajah Manusia,Netral,Tidak Diketahui,Person 5,faces\person_5\person_5_20251111_071731.jpg
2025-11-11 07:17:33,2025-11-11,07:17:33,Webcam,Wajah Manusia,Netral,Tidak Diketahui,Person 6,faces\person_6\person_6_20251111_071733.jpg
2025-11-12 06:09:38,2025-11-12,06:09:38,Webcam,Wajah Manusia,Netral,Tidak Diketahui,Person 1,faces\person_1\person_1_20251112_060938.jpg
2025-11-12 06:09:52,2025-11-12,06:09:52,Webcam,Wajah Manusia,Netral,Tidak Diketahui,Person 2,faces\person_2\person_2_20251112_060952.jpg
2025-11-12 06:10:53,2025-11-12,06:10:53,Webcam,Wajah Manusia,Netral,Tidak Diketahui,Person 3,faces\person_3\person_3_20251112_061053.jpg
2025-11-12 06:19:44,2025-11-12,06:19:44,Webcam,Wajah Manusia,Netral,Tidak Diketahui,Person 1,faces\person_1\person_1_20251112_061944.jpg
2025-11-12 06:19:51,2025-11-12,06:19:51,Webcam,Wajah Manusia,Netral,Tidak Diketahui,Person 2,faces\person_2\person_2_20251112_061951.jpg
2025-11-12 06:20:20,2025-11-12,06:20:20,Webcam,Wajah Manusia,Netral,Tidak Diketahui,Person 3,faces\person_3\person_3_20251112_062020.jpg
2025-11-12 06:20:31,2025-11-12,06:20:31,Webcam,Wajah Manusia,Netral,Tidak Diketahui,Person 4,faces\person_4\person_4_20251112_062031.jpg
2025-11-12 06:20:36,2025-11-12,06:20:36,Webcam,Wajah Manusia,Netral,Tidak Diketahui,Person 5,faces\person_5\person_5_20251112_062036.jpg
2025-11-12 06:21:52,2025-11-12,06:21:52,Webcam,Wajah Manusia,Netral,Tidak Diketahui,Person 6,faces\person_6\person_6_20251112_062152.jpg
2025-11-12 08:29:28,2025-11-12,08:29:28,Webcam,Wajah Manusia,Netral,Tidak Diketahui,Person 1,faces\person_1\person_1_20251112_082928.jpg
2025-11-12 13:00:31,2025-11-12,13:00:31,Webcam,Wajah Manusia,Netral,Tidak Diketahui,Person 1,faces\person_1\person_1_20251112_130031.jpg
2025-11-12 13:01:21,2025-11-12,13:01:21,Webcam,Wajah Manusia,Netral,Tidak Diketahui,Person 2,faces\person_2\person_2_20251112_130121.jpg
2025-11-12 13:02:23,2025-11-12,13:02:23,Webcam,Wajah Manusia,Netral,Tidak Diketahui,Person 3,faces\person_3\person_3_20251112_130223.jpg
